Model,Accuracy,Precision,Recall,F1-Score
Decision Tree,0.5527638190954773,0.5853658536585366,0.5633802816901409,0.5741626794258373
SVM,0.5125628140703518,0.5294117647058824,0.8028169014084507,0.6380597014925373
Logistic Regression,0.507537688442211,0.5395348837209303,0.5446009389671361,0.5420560747663551
Random Forest,0.4949748743718593,0.5234375,0.6291079812206573,0.5714285714285714
Gradient Boosting,0.4824120603015075,0.5142857142857142,0.5915492957746479,0.5502183406113537
