Model,Accuracy,Precision,Recall,F1-Score
SVM,0.5100502512562815,0.5328467153284672,0.6854460093896714,0.5995893223819302
Logistic Regression,0.507537688442211,0.542713567839196,0.5070422535211268,0.5242718446601942
Decision Tree,0.507537688442211,0.5377777777777778,0.568075117370892,0.5525114155251142
Gradient Boosting,0.4949748743718593,0.5236220472440944,0.6244131455399061,0.569593147751606
Random Forest,0.49246231155778897,0.5210727969348659,0.6384976525821596,0.5738396624472574
